<?xml version="1.0" encoding="UTF-8"?>									<!-- NEED TO REMOVE SCHEMA "p". IT IS NOT PRESENT / 404 FOR THIS URL -->
<beans xmlns="http://www.springframework.org/schema/beans"
	xmlns:mvc="http://www.springframework.org/schema/mvc"
	xmlns:context="http://www.springframework.org/schema/context"
	xmlns:xsi="http://www.w3.org/2001/XMLSchema-instance"
	xmlns:p="http://www.springframework.org/schema/p"
	xsi:schemaLocation="http://www.springframework.org/schema/mvc
	http://www.springframework.org/schema/mvc/spring-mvc.xsd
	http://www.springframework.org/schema/beans
	http://www.springframework.org/schema/beans/spring-beans-3.0.xsd
	http://www.springframework.org/schema/context
	http://www.springframework.org/schema/context/spring-context-3.0.xsd">

	<mvc:annotation-driven />
	<context:component-scan
		base-package="com.te.emailSimulation" />

	<mvc:interceptors>
		<bean class="com.te.emailSimulation.filter.UserInterceptor"></bean>
	</mvc:interceptors>

	<bean
		class="org.springframework.web.servlet.view.InternalResourceViewResolver">
		<property name="prefix" value="/WEB-INF/views/" />
		<property name="suffix" value=".jsp" />
	</bean>

</beans>